-- phpMyAdmin SQL Dump
-- version 5.1.1
-- https://www.phpmyadmin.net/
--
-- Hôte : 127.0.0.1:3306
-- Généré le : jeu. 08 sep. 2022 à 08:36
-- Version du serveur : 5.7.36
-- Version de PHP : 8.0.13

SET SQL_MODE = "NO_AUTO_VALUE_ON_ZERO";
START TRANSACTION;
SET time_zone = "+00:00";


/*!40101 SET @OLD_CHARACTER_SET_CLIENT=@@CHARACTER_SET_CLIENT */;
/*!40101 SET @OLD_CHARACTER_SET_RESULTS=@@CHARACTER_SET_RESULTS */;
/*!40101 SET @OLD_COLLATION_CONNECTION=@@COLLATION_CONNECTION */;
/*!40101 SET NAMES utf8mb4 */;

--
-- Base de données : `librairie`
--

-- --------------------------------------------------------

--
-- Structure de la table `catalogue`
--

DROP TABLE IF EXISTS `catalogue`;
CREATE TABLE IF NOT EXISTS `catalogue` (
  `DATEDEB` date NOT NULL,
  `DATEFIN` datetime(6) DEFAULT NULL,
  PRIMARY KEY (`DATEDEB`)
) ENGINE=InnoDB DEFAULT CHARSET=latin1;

--
-- Déchargement des données de la table `catalogue`
--

INSERT INTO `catalogue` (`DATEDEB`, `DATEFIN`) VALUES
('2002-10-01', '2003-09-30 00:00:00.000000');

-- --------------------------------------------------------

--
-- Structure de la table `classification`
--

DROP TABLE IF EXISTS `classification`;
CREATE TABLE IF NOT EXISTS `classification` (
  `NUMRUB` int(11) NOT NULL,
  `LIBRUB` varchar(50) DEFAULT NULL,
  PRIMARY KEY (`NUMRUB`)
) ENGINE=InnoDB DEFAULT CHARSET=latin1;

--
-- Déchargement des données de la table `classification`
--

INSERT INTO `classification` (`NUMRUB`, `LIBRUB`) VALUES
(1, 'gestion à court terme, trésorerie'),
(2, 'gestion de portefeuilles'),
(3, 'institutions, marchés financiers'),
(4, 'finances publiques'),
(5, 'économie financière'),
(6, 'ouvrages généraux'),
(7, 'finances internationales');

-- --------------------------------------------------------

--
-- Structure de la table `depot`
--

DROP TABLE IF EXISTS `depot`;
CREATE TABLE IF NOT EXISTS `depot` (
  `NUMDEP` int(11) NOT NULL,
  `NOMDEP` varchar(30) DEFAULT NULL,
  `ADRDEP` varchar(40) DEFAULT NULL,
  `CPDEP` varchar(5) DEFAULT NULL,
  `VILLEDEP` varchar(30) DEFAULT NULL,
  `PAYSDEP` varchar(30) CHARACTER SET utf8mb4 DEFAULT NULL,
  PRIMARY KEY (`NUMDEP`)
) ENGINE=InnoDB DEFAULT CHARSET=latin1;

--
-- Déchargement des données de la table `depot`
--

INSERT INTO `depot` (`NUMDEP`, `NOMDEP`, `ADRDEP`, `CPDEP`, `VILLEDEP`, `PAYSDEP`) VALUES
(1, 'Croix-Rousse', '1 rue Louis Lumière', '69000', 'Lyon', NULL),
(2, 'Grenoble1', '122 av. Gambetta', '38000', 'Grenoble', NULL),
(3, 'Voiron', '144 av. Jean Jaurès', '38600', 'Voiron', NULL),
(4, 'Grenoble2', '49 rue Léon Jouhaux', '38000', 'Grenoble', NULL),
(5, 'Viallet', '12 rue des Martyrs', '38000', 'Grenoble', NULL),
(6, 'Lyon2', '3 av. des Palets', '69000', 'Lyon', NULL);

-- --------------------------------------------------------

--
-- Structure de la table `ecrire`
--

DROP TABLE IF EXISTS `ecrire`;
CREATE TABLE IF NOT EXISTS `ecrire` (
  `NUMOUVR` int(11) NOT NULL,
  `NUMECR` int(11) NOT NULL,
  PRIMARY KEY (`NUMOUVR`,`NUMECR`),
  KEY `FK_ECRIRE_ECRIVAIN` (`NUMECR`)
) ENGINE=InnoDB DEFAULT CHARSET=latin1;

--
-- Déchargement des données de la table `ecrire`
--

INSERT INTO `ecrire` (`NUMOUVR`, `NUMECR`) VALUES
(1, 1),
(2, 1),
(89, 2),
(5, 3),
(6, 4),
(7, 4),
(8, 5),
(9, 6),
(145, 7),
(90, 8),
(10, 9),
(11, 10),
(12, 11),
(13, 13),
(14, 13),
(15, 13),
(16, 14),
(17, 15),
(18, 16),
(19, 17),
(147, 18),
(20, 19),
(65, 20),
(21, 21),
(22, 22),
(23, 23),
(24, 24),
(25, 25),
(26, 26),
(27, 27),
(21, 28),
(28, 29),
(29, 30),
(30, 31),
(31, 32),
(32, 33),
(33, 34),
(34, 35),
(35, 36),
(36, 36),
(37, 36),
(38, 37),
(39, 38),
(40, 39),
(41, 40),
(42, 41),
(43, 42),
(193, 43),
(44, 44),
(45, 45),
(46, 46),
(47, 47),
(49, 48),
(11, 49),
(51, 50),
(68, 51),
(52, 52),
(53, 53),
(54, 54),
(55, 55),
(130, 56),
(200, 57),
(56, 58),
(57, 59),
(58, 60),
(59, 61),
(60, 62),
(61, 63),
(62, 64),
(63, 65),
(64, 66),
(138, 67),
(65, 68),
(144, 69),
(66, 70),
(67, 71),
(68, 72),
(183, 73),
(69, 74),
(70, 75),
(71, 76),
(72, 77),
(73, 78),
(74, 79),
(75, 80),
(2, 81),
(76, 82),
(77, 83),
(4, 84),
(141, 85),
(78, 86),
(79, 87),
(80, 88),
(81, 89),
(60, 90),
(82, 91),
(83, 92),
(84, 93),
(85, 94),
(86, 95),
(87, 95),
(88, 96),
(89, 97),
(90, 98),
(91, 99),
(92, 100),
(93, 101),
(94, 102),
(95, 103),
(96, 104),
(97, 105),
(195, 106),
(98, 107),
(81, 109),
(99, 110),
(100, 111),
(101, 112),
(102, 113),
(103, 114),
(104, 115),
(105, 116),
(106, 116),
(107, 117),
(108, 118),
(109, 119),
(110, 120),
(111, 121),
(145, 121),
(112, 122),
(113, 123),
(114, 124),
(151, 125),
(102, 126),
(115, 126),
(116, 126),
(117, 127),
(118, 127),
(119, 128),
(32, 129),
(120, 130),
(121, 130),
(111, 131),
(122, 132),
(84, 133),
(123, 134),
(124, 135),
(125, 135),
(126, 136),
(127, 137),
(128, 138),
(121, 139),
(122, 140),
(129, 141),
(130, 141),
(131, 142),
(132, 143),
(133, 144),
(134, 144),
(55, 145),
(135, 146),
(136, 147),
(109, 148),
(191, 149),
(137, 150),
(2, 151),
(41, 152),
(138, 153),
(139, 154),
(140, 155),
(141, 155),
(32, 156),
(142, 157),
(143, 158),
(144, 159),
(145, 160),
(146, 161),
(147, 162),
(148, 163),
(149, 164),
(20, 165),
(104, 166),
(82, 167),
(150, 168),
(151, 169),
(152, 170),
(153, 170),
(154, 170),
(155, 171),
(69, 172),
(156, 173),
(107, 174),
(157, 175),
(15, 176),
(158, 176),
(159, 177),
(160, 178),
(161, 179),
(162, 180),
(163, 181),
(164, 182),
(165, 183),
(166, 184),
(167, 185),
(168, 185),
(137, 186),
(217, 187),
(169, 188),
(170, 189),
(169, 190),
(171, 191),
(172, 191),
(138, 192),
(8, 193),
(37, 194),
(173, 195),
(174, 195),
(175, 195),
(176, 195),
(177, 196),
(178, 197),
(179, 198),
(180, 199),
(181, 199),
(182, 200),
(183, 201),
(184, 202),
(185, 203),
(186, 204),
(187, 205),
(188, 205),
(189, 205),
(190, 205),
(191, 206),
(192, 207),
(193, 208),
(204, 208),
(52, 209),
(63, 210),
(194, 211),
(190, 212),
(195, 213),
(93, 214),
(133, 215),
(134, 215),
(196, 216),
(197, 217),
(91, 218),
(198, 219),
(199, 219),
(200, 219),
(87, 220),
(132, 221),
(201, 221),
(119, 222),
(115, 223),
(116, 223),
(209, 224),
(19, 225),
(202, 226),
(203, 227),
(6, 228),
(87, 228),
(202, 228),
(40, 229),
(204, 229),
(27, 230),
(205, 231),
(105, 232),
(106, 232),
(206, 233),
(207, 233),
(208, 234),
(209, 235),
(210, 236),
(42, 237),
(211, 238),
(212, 239),
(213, 240),
(214, 241),
(1, 242),
(215, 243),
(216, 243),
(217, 243),
(125, 244),
(83, 245),
(203, 246),
(57, 247),
(58, 248),
(218, 249),
(219, 250),
(220, 251),
(55, 252),
(173, 253),
(174, 253),
(175, 253),
(176, 253);

-- --------------------------------------------------------

--
-- Structure de la table `ecrivain`
--

DROP TABLE IF EXISTS `ecrivain`;
CREATE TABLE IF NOT EXISTS `ecrivain` (
  `NUMECR` int(11) NOT NULL,
  `PRENOMECR` varchar(30) DEFAULT NULL,
  `NOMECR` varchar(30) DEFAULT NULL,
  `PAYSECR` varchar(30) DEFAULT NULL,
  `LANGUECR` varchar(30) DEFAULT NULL,
  `Adresse` varchar(30) CHARACTER SET utf8mb4 DEFAULT NULL,
  `téléphone` varchar(30) CHARACTER SET utf8mb4 DEFAULT NULL,
  PRIMARY KEY (`NUMECR`)
) ENGINE=InnoDB DEFAULT CHARSET=latin1;

--
-- Déchargement des données de la table `ecrivain`
--

INSERT INTO `ecrivain` (`NUMECR`, `PRENOMECR`, `NOMECR`, `PAYSECR`, `LANGUECR`, `Adresse`, `téléphone`) VALUES
(1, 'F.', 'AFTALION', 'France', 'Français', NULL, NULL),
(2, 'G.', 'ALLAN', 'Grande Bretagne', 'Anglais', NULL, NULL),
(3, 'C.', 'ALPHANDERY', 'France', 'Français', NULL, NULL),
(4, 'E.rrrr', 'ALTMAN', 'Grande Bretagne', 'Anglais', NULL, NULL),
(5, 'O.ooo', 'AMAT', 'France', 'Français', NULL, NULL),
(6, 'M.A.', 'AMAZIRH', 'France', 'Français', NULL, NULL),
(7, 'R.N.', 'ANTHONY', 'Grande Bretagne', 'Anglais', NULL, NULL),
(8, 'S.H.', 'ARCHER', 'France', 'Français', NULL, NULL),
(9, 'H.', 'ARDANT', 'France', 'Français', NULL, NULL),
(10, 'F.', 'ARNOUD', 'France', 'Français', NULL, NULL),
(11, 'J-M.', 'AUDOYE', 'France', 'Français', NULL, NULL),
(12, 'D.M.', 'AUGROS', 'France', 'Anglais', NULL, NULL),
(13, 'J-C.', 'AUGROS', 'France', 'Français', NULL, NULL),
(14, 'A.', 'BABEAU', 'France', 'Français', NULL, NULL),
(15, 'M.', 'BADOC', 'France', 'Français', NULL, NULL),
(16, 'P.', 'BALLEY', 'USA', 'Anglais', NULL, NULL),
(17, 'G.', 'BAMBERG', 'Pays bas', 'Anglais', NULL, NULL),
(18, 'C.L.', 'BARNGROVER', 'Grande Bretagne', 'Anglais', NULL, NULL),
(19, 'F.', 'BAROLET', 'France', 'Français', NULL, NULL),
(20, 'M.', 'BEAR', 'Grande Bretagne', 'Anglais', NULL, NULL),
(21, 'T.', 'BECHU', 'France', 'Français', NULL, NULL),
(22, 'R.C.', 'BELEW', 'USA', 'Anglais', NULL, NULL),
(23, 'B.', 'BELLON', 'France', 'Français', NULL, NULL),
(24, 'T.', 'BENOIST D\'ANTHENAY', 'France', 'Français', NULL, NULL),
(25, 'P.', 'BERANEK', 'Pays Bas', 'Anglais', NULL, NULL),
(26, 'R.', 'BERGER', 'USA', 'Anglais', NULL, NULL),
(27, 'M.', 'BERTONECHE', 'France', 'Français', NULL, NULL),
(28, 'E.', 'BERTRAND', 'USA', 'Anglais', NULL, NULL),
(29, 'P.', 'BIACABE', 'France', 'Français', NULL, NULL),
(30, 'J.L.', 'BICKSLER', 'Allemagne', 'Allemand', NULL, NULL),
(31, 'A.', 'BIENAYME', 'Grande Bretagne', 'Anglais', NULL, NULL),
(32, 'C.', 'BITO', 'France', 'Français', NULL, NULL),
(33, 'Z.', 'BODIE', 'France', 'Français', NULL, NULL),
(34, 'C.', 'BOISSIEU', 'France', 'Français', NULL, NULL),
(35, 'F.', 'BOMPAIRE', 'France', 'Français', NULL, NULL),
(36, 'R.A.', 'BREALEY', 'Grande Bretagne', 'Anglais', NULL, NULL),
(37, 'V.', 'BRITTON', 'USA', 'Anglais', NULL, NULL),
(38, 'E.', 'BRIYS', 'Pays Bas', 'Anglais', NULL, NULL),
(39, 'H.', 'BROCHIER', 'France', 'Français', NULL, NULL),
(40, 'W.A.', 'BROCK', 'France', 'Français', NULL, NULL),
(41, 'C.', 'BROQUET', 'Pays Bas', 'Anglais', NULL, NULL),
(42, 'J.W.', 'BRYANT', 'USA', 'Anglais', NULL, NULL),
(43, 'A.', 'BUTERY', 'France', 'Français', NULL, NULL),
(44, 'P.', 'CAHEN', 'France', 'Français', NULL, NULL),
(45, 'S.', 'CALABRE', 'France', 'Français', NULL, NULL),
(46, 'R.F.', 'CALMAN', 'France', 'Français', NULL, NULL),
(47, 'D.', 'CARSON', 'France', 'Français', NULL, NULL),
(48, 'A.', 'CHAINEAU', 'France', 'Français', NULL, NULL),
(49, 'P.', 'CHAPUT', 'France', 'Français', NULL, NULL),
(50, 'G.', 'CHARREAUX', 'France', 'Français', NULL, NULL),
(51, 'A.', 'CHEVALIER', 'France', 'Français', NULL, NULL),
(52, 'A.', 'CHOINEL', 'France', 'Français', NULL, NULL),
(53, 'E.M.', 'CLAASEN', 'Allemagne', 'Allemand', NULL, NULL),
(54, 'A.', 'CLERMONT-TONNERRE', 'France', 'Français', NULL, NULL),
(55, 'H.', 'COHEN', 'USA', 'Anglais', NULL, NULL),
(56, 'M.', 'COMBES', 'France', 'Français', NULL, NULL),
(57, 'C.M.', 'COOTNER', 'Allemagne', 'Allemand', NULL, NULL),
(58, 'P.H.', 'COOTNER', 'Italie', 'Français', NULL, NULL),
(59, 'J-F.', 'COPE', 'Grande Bretagne', 'Anglais', NULL, NULL),
(60, 'T.E.', 'COPELAND', 'France', 'Français', NULL, NULL),
(61, 'A.', 'COTTA', 'USA', 'Anglais', NULL, NULL),
(62, 'J-M.', 'COTTERET', 'France', 'Français', NULL, NULL),
(63, 'N.', 'COULON', 'France', 'Français', NULL, NULL),
(64, 'A.', 'COUTIERE', 'France', 'Français', NULL, NULL),
(65, 'J.C.', 'COX', 'USA', 'Anglais', NULL, NULL),
(66, 'R.', 'CROS', 'France', 'Français', NULL, NULL),
(67, 'T.W.', 'CUNNINGHAM', 'USA', 'Anglais', NULL, NULL),
(68, 'A.', 'CURLEY', 'USA', 'Anglais', NULL, NULL),
(69, 'E.', 'De LA CHAISE', 'France', 'Français', NULL, NULL),
(70, 'M.', 'DE VROEY', 'Allemagne', 'Anglais', NULL, NULL),
(71, 'M.', 'DELANDE', 'France', 'Français', NULL, NULL),
(72, 'P.', 'DELOUVRIER', 'France', 'Français', NULL, NULL),
(73, 'G.', 'DEMANGE', 'France', 'Français', NULL, NULL),
(74, 'P.', 'DESBRIERES', 'France', 'Français', NULL, NULL),
(75, 'P.', 'DESPESSAILLES', 'France', 'Français', NULL, NULL),
(76, 'M.', 'DI MARTINO', 'Italie', 'Anglais', NULL, NULL),
(77, 'F.', 'DIVISA', 'Italie', 'Anglais', NULL, NULL),
(78, 'S.P.', 'DOBROVOLSKY', 'USA', 'Anglais', NULL, NULL),
(79, 'M.U.', 'DOTHAN', 'USA', 'Anglais', NULL, NULL),
(80, 'A.', 'DUBLANC', 'France', 'Français', NULL, NULL),
(81, 'B.', 'DUBOIS', 'France', 'Français', NULL, NULL),
(82, 'D.', 'DUET', 'France', 'Français', NULL, NULL),
(83, 'G-F.', 'DUMONT', 'France', 'Français', NULL, NULL),
(84, 'P.', 'DUMONTIER', 'France', 'Français', NULL, NULL),
(85, 'H.', 'DURAND', 'France', 'Français', NULL, NULL),
(86, 'M.', 'DURAND', 'France', 'Français', NULL, NULL),
(87, 'M.', 'DUVERGER', 'France', 'Français', NULL, NULL),
(88, 'J-F.', 'ECHARD', 'France', 'Français', NULL, NULL),
(89, 'E.J.', 'ELTON', 'Grande Bretagne', 'Anglais', NULL, NULL),
(90, 'C.', 'EMERI', 'France', 'Français', NULL, NULL),
(91, 'E.F.', 'FAMA', 'France', 'Français', NULL, NULL),
(92, 'J-P.', 'FAUGERE', 'France', 'Français', NULL, NULL),
(93, 'R.', 'FERRANDIER', 'France', 'Français', NULL, NULL),
(94, 'D.R.', 'FEWINGS', 'Grande Bretagne', 'Anglais', NULL, NULL),
(95, 'S.', 'FIGLEWSKI', 'France', 'Français', NULL, NULL),
(96, 'D.', 'FITZGERALD', 'Grande Bretagne', 'Anglais', NULL, NULL),
(97, 'M.', 'FLEURIET', 'France', 'Français', NULL, NULL),
(98, 'J.C.', 'FRANCIS', 'France', 'Français', NULL, NULL),
(99, 'J.R.', 'FRANKS', 'Pays Bas', 'Anglais', NULL, NULL),
(100, 'J.K.', 'GALBRAITH', 'France', 'Français', NULL, NULL),
(101, 'M.', 'GAUGAIN', 'France', 'Français', NULL, NULL),
(102, 'A.', 'GEORGE', 'France', 'Français', NULL, NULL),
(103, 'R.', 'GIBSON', 'France', 'Français', NULL, NULL),
(104, 'G.', 'GOBIN', 'France', 'Français', NULL, NULL),
(105, 'P.', 'GOBRY', 'France', 'Français', NULL, NULL),
(106, 'M.', 'GOLDSCHMIDT', 'USA', 'Anglais', NULL, NULL),
(107, 'C.', 'GOURIEROUX', 'Italie', 'Français', NULL, NULL),
(108, 'F.', 'GRUBER', 'Allemagne', 'Anglais', NULL, NULL),
(109, 'M.J.', 'GRUBER', 'France', 'Français', NULL, NULL),
(110, 'P-M.', 'GUILLON', 'France', 'Français', NULL, NULL),
(111, 'J.', 'GUILLOU', 'France', 'Français', NULL, NULL),
(112, 'W.W.', 'HAINES', 'USA', 'Anglais', NULL, NULL),
(113, 'J.', 'HAMON', 'France', 'Français', NULL, NULL),
(114, 'R.', 'HARROD', 'France', 'Français', NULL, NULL),
(115, 'P.', 'HASTINGS', 'Pays Bas', 'Anglais', NULL, NULL),
(116, 'D.D.', 'HESTER', 'France', 'Français', NULL, NULL),
(117, 'R.', 'HOMONOFF', 'Allemagne', 'Allemand', NULL, NULL),
(118, 'J.', 'HOVERS', 'Allemagne', 'Allemand', NULL, NULL),
(119, 'C-F.', 'HUANG', 'USA', 'Anglais', NULL, NULL),
(120, 'J.', 'HULL', 'France', 'Français', NULL, NULL),
(121, 'L.H.', 'HUNT', 'France', 'Français', NULL, NULL),
(122, 'P.', 'HUNT', 'Allemagne', 'Allemand', NULL, NULL),
(123, 'B.', 'HUSSON', 'USA', 'Anglais', NULL, NULL),
(124, 'J.E.', 'INGERSOLL', 'France', 'Français', NULL, NULL),
(125, 'G.', 'ISAAC', 'USA', 'Anglais', NULL, NULL),
(126, 'B.', 'JACQUILLAT', 'France', 'Français', NULL, NULL),
(127, 'C.', 'JAFFEUX', 'France', 'Français', NULL, NULL),
(128, 'M.C.', 'JENSEN', 'Allemagne', 'Allemand', NULL, NULL),
(129, 'A.', 'KANE', 'France', 'Français', NULL, NULL),
(130, 'R.', 'KAST', 'Pays Bas', 'Anglais', NULL, NULL),
(131, 'R.A.', 'KAVESH', 'France', 'Français', NULL, NULL),
(132, 'N.', 'KHOURY', 'France', 'Français', NULL, NULL),
(133, 'V.', 'KOEN', 'France', 'Français', NULL, NULL),
(134, 'R.W.', 'KOLB', 'France', 'Français', NULL, NULL),
(135, 'C.', 'LA BAUME', 'France', 'Français', NULL, NULL),
(136, 'J.', 'LABASSE', 'France', 'Français', NULL, NULL),
(137, 'S.', 'LACRAMPE', 'France', 'Français', NULL, NULL),
(138, 'C.', 'LANGFORD', 'USA', 'Anglais', NULL, NULL),
(139, 'A.', 'LAPIED', 'France', 'Français', NULL, NULL),
(140, 'P.', 'LAROCHE', 'France', 'Français', NULL, NULL),
(141, 'F.', 'LE BIHAN', 'France', 'Français', NULL, NULL),
(142, 'J.', 'LEPIDI', 'France', 'Français', NULL, NULL),
(143, 'M.', 'LEVASSEUR', 'France', 'Français', NULL, NULL),
(144, 'H.', 'LEVY', 'France', 'Français', NULL, NULL),
(145, 'M.A.', 'LEVY', 'France', 'Français', NULL, NULL),
(146, 'F.', 'LISAMBERT', 'France', 'Français', NULL, NULL),
(147, 'E.A.', 'LISLE', 'France', 'Français', NULL, NULL),
(148, 'R.H.', 'LITZENBERGER', 'Allemagne', 'Allemand', NULL, NULL),
(149, 'F.', 'LJUNGSTROM', 'Pays Bas', 'Anglais', NULL, NULL),
(150, 'N.', 'MAKUCH', 'France', 'Français', NULL, NULL),
(151, 'J.', 'MALKIN', 'Grande Bretagne', 'Anglais', NULL, NULL),
(152, 'A.G.', 'MALLIARIS', 'France', 'Français', NULL, NULL),
(153, 'C.B.', 'MANSFIELD', 'USA', 'Anglais', NULL, NULL),
(154, 'J.C.', 'MAO', 'Grande Bretagne', 'Anglais', NULL, NULL),
(155, 'J.', 'MARCHAL', 'France', 'Français', NULL, NULL),
(156, 'A.J.', 'MARCUS', 'France', 'Français', NULL, NULL),
(157, 'A.', 'MARGARON', 'France', 'Français', NULL, NULL),
(158, 'F.', 'MARNATA', 'France', 'Français', NULL, NULL),
(159, 'D.', 'MARTEAU', 'France', 'Français', NULL, NULL),
(160, 'R.L.', 'MASSON', 'France', 'Français', NULL, NULL),
(161, 'J-L.', 'MEDUS', 'France', 'Français', NULL, NULL),
(162, 'Z.L.', 'MELNYK', 'Pays Bas', 'Anglais', NULL, NULL),
(163, 'G-P.', 'MENAIS', 'France', 'Français', NULL, NULL),
(164, 'R.C.', 'MERTON', 'France', 'Français', NULL, NULL),
(165, 'H.', 'MEUNIER', 'France', 'Français', NULL, NULL),
(166, 'N.', 'MIETUS', 'France', 'Français', NULL, NULL),
(167, 'M.H.', 'MILLER', 'France', 'Français', NULL, NULL),
(168, 'B.', 'MIRAT', 'USA', 'Anglais', NULL, NULL),
(169, 'J.', 'MOLINIER', 'France', 'Français', NULL, NULL),
(170, 'H.', 'MONIN', 'France', 'Français', NULL, NULL),
(171, 'R.', 'MOSSE', 'France', 'Français', NULL, NULL),
(172, 'G.', 'MOURRE', 'USA', 'Anglais', NULL, NULL),
(173, 'S.', 'MULLER', 'France', 'Français', NULL, NULL),
(174, 'D.W.', 'MULLINS', 'USA', 'Anglais', NULL, NULL),
(175, 'F.', 'NAEGELEN', 'Pays Bas', 'Anglais', NULL, NULL),
(176, 'P.', 'NAVATTE', 'France', 'Français', NULL, NULL),
(177, 'J-P.', 'NEBOUT', 'France', 'Français', NULL, NULL),
(178, 'K.', 'OHANA', 'Italie', 'Français', NULL, NULL),
(179, 'R.', 'ORSINGHER', 'France', 'Français', NULL, NULL),
(180, 'R.E.', 'PACKER', 'France', 'Français', NULL, NULL),
(181, 'J-P.', 'PATAT', 'France', 'Français', NULL, NULL),
(182, 'R.', 'PENAUD', 'France', 'Français', NULL, NULL),
(183, 'J.', 'PERCEBOIS', 'France', 'Français', NULL, NULL),
(184, 'J-J.', 'PERQUEL', 'France', 'Français', NULL, NULL),
(185, 'G.', 'PETIT-DUTAILLIS', 'France', 'Français', NULL, NULL),
(186, 'J.', 'PEYRE', 'France', 'Français', NULL, NULL),
(187, 'M.', 'PISTRE', 'Pays Bas', 'Anglais', NULL, NULL),
(188, 'P.', 'PONCET', 'France', 'Français', NULL, NULL),
(189, 'P.', 'POPLU', 'France', 'Français', NULL, NULL),
(190, 'R.', 'PORTAIT', 'France', 'Français', NULL, NULL),
(191, 'G.', 'PRAT', 'France', 'Français', NULL, NULL),
(192, 'P.', 'PRUNET', 'France', 'Français', NULL, NULL),
(193, 'X.', 'PUIG', 'France', 'Français', NULL, NULL),
(194, 'C.', 'PYLE', 'USA', 'Anglais', NULL, NULL),
(195, 'A.', 'QUINTART', 'France', 'Français', NULL, NULL),
(196, 'J.G.', 'RANLETT', 'France', 'Français', NULL, NULL),
(197, 'J.', 'RIVOIRE', 'France', 'Français', NULL, NULL),
(198, 'J.', 'RIVOLI', 'Grande Bretagne', 'Anglais', NULL, NULL),
(199, 'R.I.', 'ROBINSON', 'France', 'Français', NULL, NULL),
(200, 'E.', 'ROCHE', 'France', 'Français', NULL, NULL),
(201, 'J-C.', 'ROCHET', 'Italie', 'Français', NULL, NULL),
(202, 'D.', 'ROCKEFELLER', 'Grande Bretagne', 'Anglais', NULL, NULL),
(203, 'P.', 'ROGER', 'France', 'Français', NULL, NULL),
(204, 'J-J.', 'ROSA', 'Grande Bretagne', 'Anglais', NULL, NULL),
(205, 'F.', 'ROSENFELD', 'France', 'Français', NULL, NULL),
(206, 'M.', 'ROTHFELDT', 'Pays Bas', 'Anglais', NULL, NULL),
(207, 'J-P.', 'ROUMILHAC', 'France', 'Français', NULL, NULL),
(208, 'F.', 'ROURE', 'France', 'Français', NULL, NULL),
(209, 'G.', 'ROUYER', 'France', 'Français', NULL, NULL),
(210, 'M.', 'RUBINSTEIN', 'France', 'Français', NULL, NULL),
(211, 'J.', 'RUEFF', 'USA', 'Anglais', NULL, NULL),
(212, 'R.', 'SABATIER', 'France', 'Français', NULL, NULL),
(213, 'A.', 'SACLE', 'France', 'Français', NULL, NULL),
(214, 'C.', 'SALOMON-DAGORN', 'France', 'Français', NULL, NULL),
(215, 'M.', 'SARNAT', 'USA', 'Anglais', NULL, NULL),
(216, 'M.', 'SCHLOGEL', 'France', 'Français', NULL, NULL),
(217, 'M.', 'SCHLOSSER', 'France', 'Français', NULL, NULL),
(218, 'H.H.', 'SCHOLEFIELD', 'USA', 'Anglais', NULL, NULL),
(219, 'W.F.', 'SHARPE', 'USA', 'Anglais', NULL, NULL),
(220, 'W.L.', 'SILBER', 'USA', 'Anglais', NULL, NULL),
(221, 'Y.', 'SIMON', 'France', 'Français', NULL, NULL),
(222, 'C.W.', 'SMITH', 'France', 'Français', NULL, NULL),
(223, 'B.', 'SOLNIK', 'France', 'Français', NULL, NULL),
(224, 'U.', 'SOURIAU', 'Grande Bretagne', 'Anglais', NULL, NULL),
(225, 'K.', 'SPREMANN', 'Allemagne', 'Allemand', NULL, NULL),
(226, 'R.C.', 'STAPLETON', 'France', 'Français', NULL, NULL),
(227, 'N.', 'STRONG', 'Italie', 'Français', NULL, NULL),
(228, 'M.G.', 'SUBRAHMANYAM', 'Pays Bas', 'Anglais', NULL, NULL),
(229, 'P.', 'TABATONI', 'Italie', 'Français', NULL, NULL),
(230, 'J', 'TEULIE', 'France', 'Français', NULL, NULL),
(231, 'J-P.', 'THIOLON', 'France', 'Français', NULL, NULL),
(232, 'J.', 'TOBIN', 'France', 'Français', NULL, NULL),
(233, 'J-C.', 'TOURNIER', 'France', 'Français', NULL, NULL),
(234, 'P.B.', 'TRESCOTT', 'USA', 'Anglais', NULL, NULL),
(235, 'P.', 'TURBOT', 'France', 'Français', NULL, NULL),
(236, 'J-P.', 'UILLOU', 'France', 'Français', NULL, NULL),
(237, 'A.', 'VAN DEN BERG', 'Grande Bretagne', 'Anglais', NULL, NULL),
(238, 'J.C.', 'VAN HORNE', 'France', 'Français', NULL, NULL),
(239, 'E.', 'VATTEVILLE', 'France', 'Français', NULL, NULL),
(240, 'P.', 'VERNIMMEN', 'Pays Bas', 'Anglais', NULL, NULL),
(241, 'A.', 'VEYRENC', 'France', 'Français', NULL, NULL),
(242, 'C.', 'VIALLET', 'France', 'Français', NULL, NULL),
(243, 'P.', 'VIGREUX', 'France', 'Français', NULL, NULL),
(244, 'D.', 'VITRAC', 'France', 'Français', NULL, NULL),
(245, 'C.', 'VOISIN', 'France', 'Français', NULL, NULL),
(246, 'M.', 'WALKER', 'Grande Bretagne', 'Anglais', NULL, NULL),
(247, 'F.', 'WERNER', 'France', 'Français', NULL, NULL),
(248, 'J.F.', 'WESTON', 'USA', 'Anglais', NULL, NULL),
(249, 'J.E.', 'WILHELM', 'Pays Bas', 'Anglais', NULL, NULL),
(250, 'O.E.', 'WILLIAMSON', 'France', 'Français', NULL, NULL),
(251, 'P.', 'ZARIFIAN', 'USA', 'Anglais', NULL, NULL),
(252, 'E.D.', 'ZINBARG', 'USA', 'Anglais', NULL, NULL),
(253, 'R.', 'ZISWILLER', 'Allemagne', 'Allemand', NULL, NULL);

-- --------------------------------------------------------

--
-- Structure de la table `editeur`
--

DROP TABLE IF EXISTS `editeur`;
CREATE TABLE IF NOT EXISTS `editeur` (
  `NOMED` varchar(30) NOT NULL,
  `ADRED` varchar(40) DEFAULT NULL,
  `CPED` varchar(5) CHARACTER SET utf8mb4 DEFAULT NULL,
  `VILLEED` varchar(30) CHARACTER SET utf8mb4 DEFAULT NULL,
  `TELED` varchar(16) CHARACTER SET utf8mb4 DEFAULT NULL,
  `LANGUE` varchar(26) CHARACTER SET utf8mb4 DEFAULT NULL,
  PRIMARY KEY (`NOMED`)
) ENGINE=InnoDB DEFAULT CHARSET=latin1;

--
-- Déchargement des données de la table `editeur`
--

INSERT INTO `editeur` (`NOMED`, `ADRED`, `CPED`, `VILLEED`, `TELED`, `LANGUE`) VALUES
('Academic Press', NULL, NULL, 'New-York', NULL, NULL),
('Addison-Wesley', NULL, NULL, 'New-York', NULL, NULL),
('Ballinger', NULL, NULL, 'Baltimore', NULL, NULL),
('Blackwell', NULL, NULL, 'Houston', NULL, NULL),
('Bordas', '17, rue Rémy Dumoncel', '75661', 'Paris', '1.42.79.62.00', NULL),
('CLET', '15, rue Gossin', '92543', 'Montrouge', '1.40.92.65.97', NULL),
('Colin', '12, avenue d`Italie', '75627', 'Paris', '1.44.16.05.05', NULL),
('Cujas', '4, 6, et 8, rue de la Maison-Blanche', '75626', 'Paris', '1.45.88.96.57', NULL),
('Dalloz', '11, rue Soufflot', '75240', 'Paris', '1.40.51.53.92', NULL),
('Delmas', '40, rue du Four', '75006', 'Paris', '1.42.22.65.62', NULL),
('Dunod', '15, rue Gossin', '92543', 'Montrouge', '1.40.92.65.97', NULL),
('Economica', '49, rue Héricart', '75015', 'Paris', '1.45.78.12.92', NULL),
('Ed. d\'organisation', '26, avenue Emile-Zola', '75015', 'Paris', '1.45.78.61.81', NULL),
('Eyrolles', '61, boulevard Saint-Germain', '75240', 'Paris', '1.44.41.11.11', NULL),
('France empire', '9, avenue  de Friedland', '75008', 'Paris', '1.42.89.80.63', NULL),
('hamza202', 'boulevard', NULL, 'Tanger', '0654845675421', NULL),
('hamza203', 'boulevard', NULL, 'Tanger', '0654845675421', NULL),
('hamza4', 'boulevard', NULL, 'Tanger', '0654845675421', NULL),
('hamza9', 'boulevard', NULL, 'Tanger', '0654845675421', NULL),
('Hommes & techniques', '44, rue  Gassendi', '75014', 'Paris', '1.45.40.47.70', NULL),
('Irwin', NULL, NULL, 'New-York', NULL, NULL),
('JAI Press', NULL, NULL, 'Leeds', NULL, NULL),
('La Découverte', '1, place Paul-Painlevé', '75005', 'Paris', '1.46.33.41.16', NULL),
('Mac Graw Hill', NULL, NULL, 'Amsterdam', NULL, NULL),
('Mac Millan', NULL, NULL, 'London', NULL, NULL),
('North-Holland', NULL, NULL, 'Paris', NULL, NULL),
('Oxford University Press', NULL, NULL, 'Oxford', NULL, NULL),
('P.U.F.', '108, boulevard Saint-Germain', '75279', 'Paris', '1.46.34.12.01', NULL),
('Payot', '106, boulevard Saint-Germain', '75006', 'Paris', '1.43.29.74.10', NULL),
('Prentice Hall', NULL, NULL, 'London', NULL, NULL),
('Séfi', '6, avenue Léon-Heuzey', '75016', 'Paris', '1.42.24.73.25', NULL),
('Seuil', '27, rue Jacob', '75261', 'Paris', '1.40.46.50.50', NULL),
('Sirey', '22, rue Soufflot', '75005', 'Paris', '1.43.29.50.80', NULL),
('Springer-Verlag', NULL, NULL, 'Hambourg', NULL, NULL),
('Vuibert', '63, boulevard Saint-Germain ', '75015', 'Paris', '1.43.25.61.00', NULL),
('Wiley', NULL, NULL, 'New-jersey', NULL, NULL);

-- --------------------------------------------------------

--
-- Structure de la table `ouvrage`
--

DROP TABLE IF EXISTS `ouvrage`;
CREATE TABLE IF NOT EXISTS `ouvrage` (
  `NUMOUVR` int(11) NOT NULL,
  `NOMOUVR` varchar(150) NOT NULL,
  `ANNEEPARU` smallint(6) DEFAULT NULL,
  `NUMRUB` int(11) DEFAULT NULL,
  `NOMED` varchar(30) DEFAULT NULL,
  PRIMARY KEY (`NUMOUVR`),
  KEY `FK_OUVRAGE_EDITEUR` (`NOMED`),
  KEY `FK_OUVRAGE_CLASSIFICATION` (`NUMRUB`)
) ENGINE=InnoDB DEFAULT CHARSET=latin1;

--
-- Déchargement des données de la table `ouvrage`
--

INSERT INTO `ouvrage` (`NUMOUVR`, `NOMOUVR`, `ANNEEPARU`, `NUMRUB`, `NOMED`) VALUES
(1, 'Théorie du portefeuille : analyse du risque et de la rentabilité.', 1977, 2, 'P.U.F.'),
(2, 'Théorie financière de l\'entreprise.', 1974, 2, 'P.U.F.'),
(4, 'La Politique de dividende des entrepriseeees.', 1992, 2, 'P.U.F.'),
(5, 'Les Prêts hypothécaires et leur marché.', 1976, 3, 'P.U.F.'),
(6, 'Recent advances in corporate finance.', 1985, 7, 'Irwin'),
(7, 'Application of classification techniques in business, banking and finance.', 1981, 2, 'Oxford University Press'),
(8, 'L\'Analyse technqiue du marché boursier.', 1991, 2, 'Ed. d\'organisation'),
(9, 'Le Contr ôle de gestion dans la banque.', 1978, 3, 'Ed. d\'organisation'),
(10, 'Introduction à l\'étude des banques et des opérations de banque.', 1954, 3, 'Dunod'),
(11, 'Pourquoi et comment se faire c ôter en bourse.', 1980, 3, 'Delmas'),
(12, 'Le Fonds de roulement.', 1979, 1, 'Economica'),
(13, 'Finance : options et obligations convertibles.', 1985, 2, 'Economica'),
(14, 'Les Options sur taux d\'intérêt : dynamique des taux et évaluation.', 1989, 2, 'Economica'),
(15, 'Bourse : les options négociables.', 1987, 2, 'Vuibert'),
(16, 'Le Patrimoine des français.', 1989, 5, 'La Découverte'),
(17, 'L\'Entreprise et ses banquiers.', 1985, 1, 'Ed. d\'organisation'),
(18, 'La Bourse : mythes et réalités.', 1987, 3, 'P.U.F.'),
(19, 'Agency theory, information and incentives.', 1989, 2, 'Springer-Verlag'),
(20, 'La Trésorerie des entreprises : plans de trésorerie, plans de financement.', 1974, 1, 'Bordas'),
(21, 'L\'Analyse technique : pratiques et méthodes.', 1992, 2, 'Economica'),
(22, 'How to win profits and influence bankers : the art of practical projecting.', 1985, 1, 'Mac Graw Hill'),
(23, 'Le Pouvoir financier et l\'industrie en France.', 1980, 3, 'Seuil'),
(24, 'Conditions bancaires et trésorerie en date de valeur.', 1974, 1, 'Bordas'),
(25, 'La Gestion du fonds de roulement.', 1972, 1, 'Dunod'),
(26, 'Petit manuel de l\'inflation : comment en faire, comment s\'en défendre, comment en profiter.', 1974, 5, 'Eyrolles'),
(27, 'Théorie et gestion financière : fondements et tendances.', 1976, 6, 'P.U.F.'),
(28, 'Analyses contemporaines de l\'inflation.', 1962, 5, 'Sirey'),
(29, 'Handbook of financial economics.', 1979, 6, 'Mac Graw Hill'),
(30, 'Croissance et monnaie en plein emploi.', 1964, 5, 'Cujas'),
(31, 'La Gestion obligataire.', 1988, 2, 'Dalloz'),
(32, 'Essentials of investments.', 1992, 2, 'Irwin'),
(33, 'Les Vitesses de circulation de la monnaie : une approche conflictuelle.', 1975, 5, 'Cujas'),
(34, 'Le Marché obligataire français.', 1986, 3, 'P.U.F.'),
(35, 'An Introduction to risk and return from common stocks.', 1984, 2, 'Addison-Wesley'),
(36, 'Risques et profits à la bourse.', 1972, 2, 'Dunod'),
(37, 'Comment négocier avec ses banquiers : les dossiers de demande de crédit.', 1973, 6, 'Oxford University Press'),
(38, 'Personal finance.', 1968, 2, 'Irwin'),
(39, 'Demande d\'assurance et microéconomie de l\'incertain.', 1990, 2, 'P.U.F.'),
(40, 'Economie financière.', 1963, 5, 'P.U.F.'),
(41, 'Stochastic methods in economics and finance.', 1981, 2, 'North-Holland'),
(42, 'Gestion de portefeuille : actions, obligations, options.', 1990, 2, 'Cujas'),
(43, 'Financial modelling in corporate management.', 1982, 6, 'Wiley'),
(44, 'La Méthode d\'Elliott : outil de décision.', 1991, 2, 'Séfi'),
(45, 'L\'Evolution des prix des produits de base.', 1990, 3, 'Economica'),
(46, 'Linear programming and cash management.', 1985, 1, 'Irwin'),
(47, 'Money and finance : readings in theory, policy and institutions.', 1967, 7, 'Wiley'),
(48, 'Gestion de la trésorerie et contr ôle des engagements.', 1974, 1, 'Hommes & techniques'),
(49, 'Le Crédit : institutions et techniques françaises.', 1974, 3, 'Colin'),
(50, 'Le Financement à moyen et à long terme.', 1976, 3, 'Payot'),
(51, 'De Nouvelles théories pour gérer l\'entreprise.', 1987, 2, 'Economica'),
(52, 'Le Marché financier : structures et acteurs.', 1990, 3, 'Ed. d\'organisation'),
(53, 'Analyse des liquidités et théorie du portefeuille.', 1970, 2, 'P.U.F.'),
(54, 'Les Obligations à coupon zéro : le démembrement des OAT.', 1992, 3, 'Economica'),
(55, 'Investment analysis and portfolio management.', 1967, 2, 'Irwin'),
(56, 'The Random character of stock market prices.', 1964, 6, 'Mac Millan'),
(57, 'Finances locales.', 1990, 4, 'Economica'),
(58, 'Financial theory and corporate policy.', 1983, 2, 'Addison-Wesley'),
(59, 'Taux d\'intérêt, plus-values et épargne en France et dans les nations occidentales.', 1976, 5, 'P.U.F.'),
(60, 'Le Budget de l\'Etat.', 1975, 4, 'P.U.F.'),
(61, 'Guide pratique du chef d\'entreprise face aux banquiers.', 1984, 1, 'Hommes & techniques'),
(62, 'Le Système monétaire français.', 1977, 5, 'Economica'),
(63, 'Options markets.', 1985, 2, 'Prentice Hall'),
(64, 'La Double imposition des dividendes.', 1991, 2, 'Economica'),
(65, 'Investment analysis and management.', 1979, 2, 'Wiley'),
(66, 'Propriété et pouvoir dans les grandes entreprises.', 1973, 6, 'Cujas'),
(67, 'Marchés à terme : incertitude, information, équilibre.', 1992, 3, 'Economica'),
(68, 'Rapport sur l\'épargne, les fonds propres des entreprises et les régimes d\'actionnariat et de participation.', 1978, 3, 'Ed. d\'organisation'),
(69, 'Participation financière, stock-options et rachats d\'entreprise par les salariés.', 1991, 2, 'Economica'),
(70, 'Au service des affaires : la banque.', 1959, 3, 'Delmas'),
(71, 'Guide pratique des conditions de banque dans les P.M.E.', 1981, 1, 'Ed. d\'organisation'),
(72, 'Traitement économétrique de la monnaie, l\'intérêt, l\'emploi.', 1962, 5, 'Dunod'),
(73, 'The Economics of corporation finance.', 1971, 2, 'Mac Graw Hill'),
(74, 'Prices in financial markets.', 1990, 2, 'Academic Press'),
(75, 'Découverte de l\'analyse technique : sur les traces des gourous de Wall Street.', 1991, 2, 'Vuibert'),
(76, 'La Métamorphose des Caisses d\'épargne : l\'évolution des Caisses d\'épargne Ecureuil de leurs origines à la période actuelle.', 1986, 3, 'La Découverte'),
(77, 'Efficience et dimension des banques.', 1975, 3, 'La Découverte'),
(78, 'La Bourse.', 1990, 3, 'La Découverte'),
(79, 'Finances publiques.', 1975, 4, 'P.U.F.'),
(80, 'Politiques financières de l\'entreprise et gestion du risque.', 1974, 2, 'P.U.F.'),
(81, 'Modern portfolio theory and investment analysis.', 1987, 2, 'Wiley'),
(82, 'The Theory of finance.', 1972, 2, 'Blackwell'),
(83, 'Le Système financier français : crises et mutations.', 1989, 3, 'CLET'),
(84, 'Marchés de capitaux et techniques financières.', 1988, 3, 'Economica'),
(85, 'Corporate growth and common stock risk.', 1979, 2, 'Oxford University Press'),
(86, 'Hedging with financial futures for institutional investors : from theory to practice.', 1986, 3, 'Ballinger'),
(87, 'Financial options : from theory to practice.', 1990, 2, 'Irwin'),
(88, 'Financial futures.', 1983, 3, 'Mac Millan'),
(89, 'Les O.P.A. en France.', 1991, 2, 'Dalloz'),
(90, 'Portfolio analysis.', 1971, 2, 'Prentice Hall'),
(91, 'Corporate financial management.', 1977, 2, 'Prentice Hall'),
(92, 'L\'Argent.', 1976, 5, 'CLET'),
(93, 'Bourse : pratique des marchés conditionnels.', 1991, 3, 'CLET'),
(94, 'Banques et institutions financières aux Etats-Unis.', 1963, 3, 'Séfi'),
(95, 'Obligations et clauses optionnelles.', 1990, 2, 'P.U.F.'),
(96, 'Les Opérations bancaires et leurs fondements économiques.', 1980, 3, 'Dunod'),
(97, 'La Bourse aux indices.', 1988, 2, 'Economica'),
(98, 'Modèles ARCH et applications financières.', 1992, 2, 'Economica'),
(99, 'Comment bien choisir ses placements et gérer sa trésorerie.', 1978, 2, 'Seuil'),
(100, 'Comment négocier avec ses banquiers : les dossiers de demande de crédit.', 1974, 1, 'Dunod'),
(101, 'Money prices and policy.', 1966, 5, 'Mac Graw Hill'),
(102, 'Le Marché français des actions : études empiriques 1977-1991.', 1992, 2, 'P.U.F.'),
(103, 'La Monnaie.', 1971, 5, 'Dunod'),
(104, 'Personal finance.', 1972, 2, 'Mac Graw Hill'),
(105, 'Risk aversion and portfolio choice.', 1967, 2, 'Wiley'),
(106, 'Studies of portfolio behavior.', 1967, 2, 'Wiley'),
(107, 'Cash management : an inventory control limit approach.', 1985, 1, 'Academic Press'),
(108, 'Prises de contr ôle et croissance de l\'entreprise : stratégie et tactique de la négociation, étude financière et taux d\'échange, intégration.', 1973, 2, 'Cujas'),
(109, 'Foundations for financial economics.', 1988, 2, 'North-Holland'),
(110, 'Options, futures and other derivatives securities.', 1989, 2, 'Prentice Hall'),
(111, 'Dynamics of forecasting financial cycles : theory, technique and implementation.', 1976, 2, 'Oxford University Press'),
(112, 'Basic business finance : text and cases.', 1971, 6, 'Irwin'),
(113, 'La Prise de contr ôle d\'entreprises : motivations, conséquences et freins. Une analyse des contextes français et américain.', 1987, 2, 'P.U.F.'),
(114, 'Theory of financial decision making.', 1987, 2, 'Addison-Wesley'),
(115, 'Les Marchés financiers et la gestion de portefeuille.', 1976, 2, 'Dunod'),
(116, 'Marchés financiers : gestion de portefeuille et des risques .', 1990, 2, 'Bordas'),
(117, 'Le Second marché : mythes et réalités.', 1992, 3, 'Economica'),
(118, 'Le Second marché: mythes et réalités.', 1992, 3, 'Economica'),
(119, 'The Modern theory of corporate finance.', 1984, 6, 'Mac Graw Hill'),
(120, 'Rationalité et marchés financiers.', 1991, 2, 'Economica'),
(121, 'Fondements microéconomiques de la théorie des marchés financiers.', 1992, 2, 'Economica'),
(122, 'Options et contrats à terme.', 1988, 2, 'Séfi'),
(123, 'Understanding futures markets.', 1985, 3, 'Mac Graw Hill'),
(124, 'Gestion de protefeuille : fondements théoriques et aspects pratiques.', 1991, 2, 'Séfi'),
(125, 'Les Options négociables.', 1992, 2, 'Séfi'),
(126, 'L\'Espace financier : analyse géographique.', 1974, 7, 'Colin'),
(127, 'Méthodes de gestion de la trésorerie : information, prévision, contr ôle.', 1971, 1, 'Hommes & techniques'),
(128, 'Les Options sur titres boursiers : assurance et investissement : 25 stratégies de base.', 1987, 2, 'Séfi'),
(129, 'Obligations et titres divers.', 1991, 2, 'Eyrolles'),
(130, 'Pratique de la bourse et jeu d\'entraÓnement aux mécanismes boursiers.', 1987, 3, 'Eyrolles'),
(131, 'L\'Or.', 1958, 5, 'P.U.F.'),
(132, 'Marchés de capitaux : options et nouveaux contrats à terme.', 1980, 3, 'Dalloz'),
(133, 'Financial decision making under uncertainty.', 1977, 2, 'Academic Press'),
(134, 'Portfolio and investment selection : theory and practice.', 1984, 2, 'Prentice Hall'),
(135, 'La Gestion des crédits à court terme.', 1983, 1, 'Bordas'),
(136, 'L\'Epargne et l\'épargnant.', 1967, 3, 'Dunod'),
(137, 'Le Crédit agricole.', 1978, 3, 'Vuibert'),
(138, 'Pension funds : a commonsense guide to a common goal.', 1993, 2, 'Irwin'),
(139, 'Quantitative analysis of financial decisions.', 1969, 2, 'Mac Millan'),
(140, 'Analyse monétaire : monnaie, équilibre, inflation.', 1971, 5, 'Cujas'),
(141, 'Monnaie et crédit : le système monétaire et bancaire français suivi d\'un aperçu sur les systèmes monétaires et bancaires en Grande Bretagne et aux Eta', 1969, 5, 'Cujas'),
(142, 'Techniques boursières : les valeurs mobilières, les bourses de valeurs, les techniques de spéculation, l\'analyse financière.', 1975, 2, 'Vuibert'),
(143, 'La Bourse et le financement des investissements.', 1973, 3, 'Eyrolles'),
(144, 'Le Marché monétaire et la gestion de trésorerie des banques.', 1981, 3, 'Dunod'),
(145, 'Cases in financial management.', 1960, 6, 'Irwin'),
(146, 'Ingénierie financière et opérations à effets de levier.', 1991, 2, 'Ed. d\'organisation'),
(147, 'Cases in business finance.', 1971, 6, 'Irwin'),
(148, 'Comment préserver votre avoir : épargne et placements.', 1974, 3, 'Delmas'),
(149, 'Continuous-time finance.', 1992, 2, 'Prentice Hall'),
(150, 'La Bourse et ses acteurs : institutions et techniques.', 1977, 3, 'Dunod'),
(151, 'Les Systèmes budgétaires européens.', 1976, 7, 'France empire'),
(152, 'Gestion de patrimoine', 1991, 3, 'Séfi'),
(153, 'Gestion de patrimoine. T.1.', 1991, 3, 'Séfi'),
(154, 'Gestion de patrimoine. T.2.', 1991, 3, 'Séfi'),
(155, 'Politique monétaire.', 1972, 5, 'Payot'),
(156, 'Arbitrage pricing of contingent claims.', 1985, 2, 'Springer-Verlag'),
(157, 'Les Mécanismes d\'enchères.', 1988, 2, 'Economica'),
(158, 'Instruments et marchés financiers.', 1992, 3, 'Hommes & techniques'),
(159, 'Comment réduire ses frais financiers.', 1984, 1, 'Ed. d\'organisation'),
(160, 'Les Banques de groupe en France.', 1991, 3, 'P.U.F.'),
(161, 'Les Banques dans le monde.', 1964, 3, 'Payot'),
(162, 'The Investor\'s computer handbook.', 1982, 2, 'Ballinger'),
(163, 'Les Banques centrales.', 1972, 5, 'Sirey'),
(164, 'Les Institutions financières.', 1978, 3, 'P.U.F.'),
(165, 'Fiscalité et croissance : une approche par les modèles.', 1977, 5, 'Economica'),
(166, 'Les Marchés financiers.', 1970, 7, 'Dunod'),
(167, 'La Banque française : évolution des activités et des structures.', 1974, 3, 'Mac Graw Hill'),
(168, 'Le Risque du crédit bancaire : conditions et modalités d\'octroi du crédit aux entreprises et aux particuliers.- T.2.- Au-delà du court terme.', 1967, 3, 'Séfi'),
(169, 'Macroéconomie  financière.', 1980, 3, 'Dalloz'),
(170, 'Les Sociétés de développement régional : statut, bilan et perspectives, avec 36 croquis et tableaux.', 1973, 3, 'Vuibert'),
(171, 'Essai pour une formalisation générale du cours des actions : un modèle d\'évaluation pour l\'ensemble du marché Etats-Unis et France.', 1984, 2, 'Economica'),
(172, 'La Bourse et la conjoncture économique.', 1982, 3, 'Economica'),
(173, 'Théorie de la finance', 1990, 2, 'P.U.F.'),
(174, 'Théorie de la finance T.1', 1990, 3, 'P.U.F.'),
(175, 'Théorie de la finance T.2', 1990, 2, 'P.U.F.'),
(176, 'Théorie de la finance T.3', 1990, 2, 'P.U.F.'),
(177, 'Money and banking.', 1969, 3, 'Wiley'),
(178, 'L\'Inflation.', 1973, 5, 'France empire'),
(179, 'Le Budget de l\'Etat.', 1969, 4, 'Seuil'),
(180, 'Money and capital markets.', 1964, 7, 'Mac Graw Hill'),
(181, 'The Management of bank funds.', 1962, 3, 'Mac Graw Hill'),
(182, 'La Réforme du système monétaire international.', 1967, 5, 'France empire'),
(183, 'Méthodes mathématiques de la finance.', 1992, 2, 'Economica'),
(184, 'Creative management in banking.', 1964, 3, 'Mac Graw Hill'),
(185, 'Les Outils de la modélisation financière.', 1991, 2, 'P.U.F.'),
(186, 'Economie des intermédiaires financiers.', 1977, 3, 'Economica'),
(187, 'Analyse des valeurs mobilières.', 1963, 2, 'Dunod'),
(188, 'Analyse financière et gestion des portefeuilles.', 1974, 2, 'Dunod'),
(189, 'L\'Evaluation des actions : synthèse de travaux de la Fédération européenne des associations d\'analystes financiers.', 1975, 2, 'Dunod'),
(190, 'Analyse financière et gestion des valeurs mobilières. T2', 1988, 2, 'Economica'),
(191, 'Les Marchés d\'options.', 1990, 2, 'Ed. d\'organisation'),
(192, 'Trésorerie à court terme.', 1974, 1, 'Dalloz'),
(193, 'Les Options négociables.', 1989, 2, 'P.U.F.'),
(194, 'L\'Age de l\'inflation,.', 1963, 5, 'Payot'),
(195, 'Le Marché à terme.', 1975, 3, 'Ed. d\'organisation'),
(196, 'Organisation et fonctionnement des marchés financiers.', 1969, 3, 'Irwin'),
(197, 'Gestion bancaire : nouvelles méthodes et pratiques.', 1974, 3, 'Dalloz'),
(198, 'Investments.', 1985, 2, 'Prentice Hall'),
(199, 'Portfolio theory and capital markets.', 1970, 2, 'Mac Graw Hill'),
(200, 'Financial economics : essays in honor of Paul Cootner.', 1982, 6, 'Prentice Hall'),
(201, 'Marchés de capitaux et taux d\'intérêt.', 1975, 3, 'Economica'),
(202, 'Capital market equilibrium and corporate financial decisions.', 1980, 2, 'Oxford University Press'),
(203, 'Information and capital markets.', 1987, 2, 'Prentice Hall'),
(204, 'La Dynamique financière.', 1988, 3, 'Ed. d\'organisation'),
(205, 'Les Caisses d\'épargne.', 1971, 3, 'Vuibert'),
(206, 'Gagnez de l\'argent à la bourse.', 1974, 2, 'Ed. d\'organisation'),
(207, 'Gérer un mini-portefeuille en bourse.', 1986, 2, 'Ed. d\'organisation'),
(208, 'Money, banking and economic welfare.', 1965, 5, 'Mac Graw Hill'),
(209, 'Gestion de la trésorerie. - T1', 1980, 1, 'Eyrolles'),
(210, 'Le MATIF : pratique d\'un marché à terme.', 1987, 3, 'Dalloz'),
(211, 'Function and analysis of capital market rates.', 1970, 3, 'Prentice Hall'),
(212, 'Stratégie pour la répartition des revenus.', 1975, 4, 'Economica'),
(213, 'Gestion et politiques de la banque.', 1981, 3, 'Dalloz'),
(214, 'Cours pratique de commerce. 2e partie : banques, bourses, assurances.', 1973, 2, 'La Découverte'),
(215, 'Epargne et consommation.', 1978, 3, 'Séfi'),
(216, 'Investissement et marché financier 1949-1983.', 1983, 3, 'Eyrolles'),
(217, 'Dynamique du marché financier. -T.1.', 1967, 2, 'Ed. d\'organisation'),
(218, 'Arbitrage theory : introductory lectures on arbitrage-based financial asset pricing.', 1985, 2, 'Springer-Verlag'),
(219, 'The Economics of discretionary behavior : managerial objectives in a theory of the firm.', 1967, 2, 'Mac Graw Hill'),
(220, 'Inflation et crise monétaire.', 1975, 5, 'Vuibert'),
(222555, 'eftgh', 2022, 1, 'Dunod'),
(222556, 'aqsedf', 1999, 1, 'Dunod'),
(222557, 'efdtghdfh', 2022, 1, 'Dunod'),
(222558, 'dsfg', 2022, 1, 'Dunod'),
(456456, 'dfgdfg', 1999, 7, 'EYROLLES'),
(564213, 'testtdi201', 2022, 1, 'Dunod'),
(998877, 'test de creation', 2022, 1, 'Dunod'),
(4563456, 'sdgzsdgt', 2022, 1, 'Dunod'),
(7545785, 'qsdf', 2022, 1, 'Dunod'),
(9955668, 'c cccccc', 1977, 1, 'hamza4'),
(9966541, 'bbbbb', 1988, 4, 'hamza202'),
(54454545, 'testtttt', 2020, 7, 'EYROLLES');

-- --------------------------------------------------------

--
-- Structure de la table `stocker`
--

DROP TABLE IF EXISTS `stocker`;
CREATE TABLE IF NOT EXISTS `stocker` (
  `NUMOUVR` int(11) NOT NULL,
  `NUMDEP` int(11) NOT NULL,
  `QTESTOCK` int(11) DEFAULT NULL,
  PRIMARY KEY (`NUMOUVR`,`NUMDEP`),
  KEY `FK_STOCKER_DEPOT` (`NUMDEP`)
) ENGINE=InnoDB DEFAULT CHARSET=latin1;

--
-- Déchargement des données de la table `stocker`
--

INSERT INTO `stocker` (`NUMOUVR`, `NUMDEP`, `QTESTOCK`) VALUES
(1, 2, 95),
(1, 3, 2),
(1, 5, 25),
(2, 1, 3),
(2, 2, 52),
(2, 4, 64),
(2, 5, 23),
(4, 2, 30),
(5, 1, 56),
(5, 2, 1),
(5, 3, 47),
(6, 1, 11),
(6, 2, 53),
(6, 3, 66),
(6, 6, 0),
(7, 2, 82),
(7, 3, 59),
(8, 1, 71),
(8, 2, 42),
(8, 4, 37),
(8, 5, 60),
(9, 1, 24),
(9, 3, 84),
(9, 4, 9),
(10, 2, 54),
(10, 6, 49),
(11, 1, 88),
(11, 3, 81),
(12, 3, 45),
(12, 4, 65),
(12, 5, 80),
(12, 6, 45),
(13, 1, 39),
(13, 5, 6),
(13, 6, 16),
(14, 2, 87),
(14, 4, 65),
(14, 5, 65),
(15, 2, 8),
(15, 4, 3),
(16, 1, 59),
(16, 2, 75),
(16, 4, 75),
(17, 2, 18),
(17, 4, 36),
(17, 5, 22),
(17, 6, 77),
(18, 1, 56),
(18, 2, 21),
(18, 4, 9),
(18, 6, 55),
(19, 1, 85),
(19, 3, 39),
(19, 4, 21),
(19, 5, 6),
(20, 1, 14),
(20, 2, 69),
(20, 6, 88),
(21, 6, 28),
(22, 1, 1),
(22, 2, 100),
(23, 2, 46),
(23, 4, 18),
(23, 5, 88),
(24, 1, 54),
(24, 4, 37),
(25, 3, 65),
(25, 4, 1),
(25, 5, 100),
(25, 6, 62),
(26, 4, 22),
(26, 5, 90),
(27, 1, 27),
(27, 2, 76),
(27, 3, 64),
(27, 5, 7),
(27, 6, 18),
(28, 2, 95),
(28, 6, 43),
(29, 1, 99),
(29, 2, 10),
(29, 3, 41),
(29, 6, 17),
(30, 3, 8),
(30, 4, 68),
(30, 6, 1),
(31, 3, 77),
(31, 4, 25),
(31, 5, 27),
(32, 2, 52),
(32, 6, 83),
(33, 2, 97),
(33, 3, 5),
(33, 5, 98),
(34, 5, 64),
(34, 6, 81),
(35, 2, 42),
(35, 4, 66),
(35, 6, 38),
(37, 1, 69),
(37, 2, 73),
(37, 4, 8),
(37, 5, 77),
(38, 2, 75),
(38, 3, 100),
(38, 5, 19),
(39, 1, 65),
(39, 2, 69),
(39, 3, 42),
(39, 4, 88),
(39, 5, 62),
(40, 2, 54),
(40, 3, 20),
(40, 4, 8),
(40, 6, 83),
(41, 2, 64),
(41, 4, 30),
(41, 5, 93),
(42, 2, 22),
(42, 3, 86),
(42, 4, 26),
(43, 1, 20),
(43, 2, 70),
(43, 4, 15),
(43, 5, 4),
(43, 6, 3),
(44, 1, 15),
(44, 2, 38),
(44, 3, 57),
(44, 6, 93),
(45, 2, 33),
(45, 3, 39),
(45, 6, 27),
(46, 1, 60),
(46, 2, 8),
(46, 3, 1),
(46, 4, 3),
(46, 5, 68),
(47, 3, 11),
(47, 4, 58),
(47, 5, 28),
(47, 6, 37),
(48, 3, 81),
(48, 6, 21),
(49, 2, 53),
(49, 6, 4),
(50, 2, 88),
(50, 3, 20),
(50, 4, 87),
(50, 5, 1),
(50, 6, 21),
(51, 2, 6),
(51, 5, 46),
(51, 6, 70),
(52, 5, 47),
(53, 1, 47),
(53, 2, 18),
(53, 3, 27),
(53, 6, 8),
(54, 1, 46),
(54, 2, 65),
(54, 4, 9),
(55, 5, 22),
(55, 6, 83),
(56, 2, 79),
(56, 4, 64),
(57, 4, 98),
(57, 5, 47),
(58, 4, 28),
(59, 4, 17),
(59, 5, 23),
(60, 2, 65),
(60, 4, 90),
(61, 3, 56),
(62, 2, 61),
(62, 3, 29),
(62, 4, 49),
(62, 5, 7),
(62, 6, 54),
(63, 1, 74),
(63, 4, 2),
(63, 6, 79),
(64, 2, 91),
(64, 6, 19),
(65, 3, 71),
(65, 4, 84),
(66, 1, 40),
(66, 2, 46),
(66, 3, 94),
(66, 5, 81),
(67, 3, 58),
(67, 4, 55),
(67, 5, 50),
(67, 6, 22),
(68, 1, 28),
(68, 2, 57),
(68, 3, 18),
(68, 6, 71),
(69, 2, 87),
(69, 4, 38),
(70, 1, 84),
(70, 2, 11),
(70, 6, 69),
(71, 6, 74),
(72, 1, 3),
(72, 2, 29),
(72, 5, 53),
(73, 1, 21),
(73, 2, 64),
(73, 4, 40),
(73, 6, 54),
(74, 3, 10),
(74, 4, 61),
(75, 2, 22),
(75, 4, 49),
(75, 5, 59),
(76, 2, 35),
(76, 4, 44),
(76, 5, 71),
(76, 6, 9),
(77, 1, 14),
(77, 3, 74),
(77, 5, 27),
(78, 1, 57),
(78, 2, 29),
(78, 4, 79),
(78, 6, 54),
(79, 1, 46),
(79, 3, 36),
(79, 4, 4),
(79, 6, 63),
(80, 1, 8),
(80, 2, 13),
(80, 4, 63),
(80, 5, 73),
(80, 6, 65),
(81, 2, 27),
(81, 3, 84),
(82, 1, 75),
(82, 2, 53),
(82, 5, 13),
(82, 6, 64),
(83, 1, 17),
(83, 4, 65),
(83, 5, 19),
(83, 6, 94),
(84, 1, 99),
(84, 2, 88),
(84, 3, 45),
(84, 5, 46),
(85, 2, 70),
(85, 3, 97),
(85, 5, 95),
(86, 4, 59),
(86, 5, 93),
(86, 6, 36),
(87, 4, 67),
(87, 5, 91),
(88, 2, 45),
(88, 3, 95),
(88, 4, 92),
(88, 6, 15),
(89, 1, 17),
(89, 4, 20),
(89, 5, 88),
(90, 1, 47),
(90, 4, 29),
(90, 5, 75),
(90, 6, 55),
(91, 2, 68),
(92, 3, 94),
(92, 4, 6),
(93, 1, 69),
(93, 4, 94),
(93, 5, 50),
(93, 6, 2),
(94, 1, 38),
(94, 3, 61),
(94, 4, 63),
(94, 5, 75),
(94, 6, 91),
(95, 1, 14),
(95, 3, 2),
(96, 1, 62),
(96, 3, 24),
(96, 5, 8),
(97, 1, 43),
(97, 5, 60),
(97, 6, 91),
(98, 1, 20),
(98, 2, 44),
(98, 3, 64),
(98, 5, 73),
(99, 1, 56),
(99, 2, 86),
(99, 3, 74),
(99, 6, 28),
(100, 3, 76),
(101, 1, 3),
(101, 2, 23),
(101, 3, 62),
(101, 6, 31),
(102, 1, 4),
(102, 2, 43),
(102, 3, 13),
(102, 5, 85),
(103, 3, 64),
(103, 5, 7),
(104, 1, 81),
(104, 4, 47),
(104, 5, 28),
(105, 1, 7),
(105, 2, 29),
(105, 5, 58),
(106, 3, 43),
(106, 5, 34),
(106, 6, 73),
(107, 1, 28),
(107, 4, 54),
(108, 1, 22),
(108, 2, 73),
(108, 4, 87),
(108, 5, 10),
(108, 6, 36),
(109, 2, 42),
(109, 4, 97),
(109, 5, 72),
(109, 6, 63),
(110, 1, 5),
(110, 3, 77),
(110, 4, 39),
(111, 3, 18),
(111, 4, 34),
(111, 5, 98),
(111, 6, 70),
(112, 2, 98),
(112, 5, 26),
(113, 3, 78),
(113, 4, 93),
(113, 5, 60),
(114, 2, 15),
(114, 5, 37),
(115, 2, 6),
(115, 3, 95),
(115, 5, 83),
(115, 6, 76),
(116, 2, 57),
(116, 3, 98),
(116, 4, 7),
(116, 5, 59),
(117, 1, 40),
(117, 4, 58),
(118, 2, 96),
(118, 3, 61),
(119, 1, 77),
(119, 4, 65),
(119, 6, 100),
(120, 3, 37),
(120, 4, 57),
(120, 5, 4),
(121, 2, 19),
(121, 3, 4),
(121, 6, 38),
(122, 4, 37),
(123, 1, 54),
(123, 2, 70),
(123, 4, 54),
(123, 5, 5),
(124, 1, 75),
(124, 3, 72),
(124, 4, 49),
(125, 1, 37),
(125, 5, 42),
(126, 1, 25),
(126, 4, 48),
(127, 1, 34),
(127, 3, 32),
(127, 5, 86),
(128, 1, 15),
(128, 4, 28),
(128, 5, 28),
(128, 6, 78),
(129, 1, 24),
(129, 2, 20),
(129, 5, 29),
(129, 6, 61),
(130, 2, 74),
(130, 3, 16),
(130, 5, 31),
(130, 6, 11),
(131, 3, 78),
(131, 4, 25),
(131, 6, 99),
(132, 1, 7),
(132, 3, 42),
(133, 3, 2),
(133, 6, 85),
(134, 1, 38),
(134, 3, 76),
(135, 4, 57),
(135, 5, 10),
(136, 5, 44),
(137, 1, 63),
(137, 2, 9),
(137, 3, 77),
(137, 4, 6),
(137, 5, 32),
(137, 6, 56),
(138, 2, 88),
(138, 4, 66),
(138, 5, 92),
(139, 5, 11),
(140, 1, 78),
(140, 2, 14),
(140, 3, 96),
(140, 4, 45),
(141, 2, 14),
(141, 3, 61),
(141, 4, 62),
(141, 5, 87),
(141, 6, 86),
(142, 1, 75),
(142, 2, 50),
(142, 3, 87),
(142, 4, 38),
(142, 5, 55),
(143, 2, 85),
(143, 3, 61),
(144, 1, 1),
(144, 2, 5),
(144, 3, 18),
(145, 1, 14),
(145, 2, 43),
(145, 4, 79),
(145, 6, 59),
(146, 1, 26),
(146, 5, 87),
(147, 3, 39),
(147, 5, 68),
(148, 5, 73),
(149, 3, 54),
(149, 4, 48),
(149, 6, 39),
(150, 4, 21),
(151, 2, 19),
(151, 4, 84),
(151, 5, 45),
(151, 6, 24),
(152, 1, 55),
(152, 2, 11),
(152, 4, 98),
(152, 6, 41),
(153, 1, 31),
(153, 2, 91),
(154, 1, 54),
(154, 4, 13),
(155, 2, 37),
(155, 4, 60),
(155, 6, 14),
(156, 1, 20),
(156, 3, 24),
(156, 4, 34),
(156, 6, 32),
(157, 4, 95),
(157, 5, 75),
(157, 6, 12),
(158, 1, 30),
(158, 3, 47),
(158, 5, 75),
(159, 4, 39),
(159, 6, 12),
(160, 2, 91),
(160, 4, 34),
(161, 1, 92),
(161, 3, 59),
(161, 5, 94),
(161, 6, 13),
(162, 1, 49),
(162, 6, 64),
(164, 1, 25),
(164, 3, 100),
(164, 5, 46),
(165, 2, 27),
(165, 5, 10),
(165, 6, 67),
(166, 1, 60),
(166, 3, 3),
(167, 1, 6),
(167, 3, 86),
(167, 5, 76),
(168, 4, 12),
(169, 1, 25),
(169, 2, 18),
(169, 4, 72),
(169, 6, 44),
(170, 3, 57),
(170, 5, 64),
(171, 2, 26),
(171, 3, 89),
(171, 5, 3),
(171, 6, 36),
(172, 2, 99),
(172, 3, 57),
(172, 4, 43),
(172, 5, 54),
(172, 6, 11),
(173, 3, 85),
(173, 4, 6),
(173, 5, 30),
(175, 5, 73),
(176, 2, 81),
(176, 4, 70),
(176, 5, 75),
(177, 2, 32),
(177, 3, 52),
(177, 4, 8),
(177, 5, 86),
(178, 1, 98),
(179, 1, 68),
(179, 2, 22),
(179, 4, 72),
(179, 5, 85),
(179, 6, 70),
(180, 5, 28),
(180, 6, 34),
(181, 1, 49),
(181, 3, 91),
(181, 4, 36),
(181, 6, 26),
(182, 1, 100),
(182, 3, 18),
(182, 4, 77),
(183, 2, 53),
(183, 3, 86),
(183, 5, 19),
(183, 6, 99),
(184, 3, 69),
(184, 4, 74),
(185, 2, 54),
(185, 3, 67),
(186, 4, 45),
(186, 5, 94),
(186, 6, 67),
(187, 2, 66),
(187, 4, 93),
(187, 5, 75),
(188, 1, 40),
(188, 2, 94),
(188, 3, 32),
(188, 6, 46),
(189, 1, 93),
(189, 2, 76),
(189, 3, 100),
(189, 4, 14),
(189, 5, 9),
(190, 2, 11),
(190, 5, 37),
(190, 6, 2),
(191, 1, 26),
(191, 2, 76),
(191, 3, 10),
(192, 4, 24),
(192, 5, 10),
(193, 1, 56),
(193, 2, 81),
(193, 3, 33),
(193, 4, 54),
(194, 2, 85),
(194, 3, 4),
(194, 4, 26),
(195, 1, 5),
(195, 2, 17),
(195, 6, 65),
(196, 1, 16),
(196, 4, 82),
(197, 1, 38),
(197, 3, 61),
(197, 4, 100),
(198, 3, 82),
(198, 5, 17),
(198, 6, 38),
(199, 3, 64),
(199, 4, 15),
(199, 5, 57),
(199, 6, 30),
(200, 3, 58),
(200, 6, 53),
(201, 1, 31),
(201, 2, 88),
(201, 6, 82),
(202, 1, 50),
(202, 3, 3),
(202, 4, 76),
(202, 5, 51),
(204, 3, 57),
(204, 4, 46),
(204, 5, 92),
(205, 5, 25),
(206, 1, 26),
(206, 3, 63),
(206, 4, 38),
(206, 5, 39),
(207, 1, 65),
(207, 4, 62),
(207, 5, 33),
(207, 6, 74),
(208, 4, 18),
(209, 1, 73),
(209, 3, 66),
(209, 4, 77),
(209, 5, 94),
(210, 2, 74),
(210, 5, 92),
(211, 1, 89),
(211, 3, 82),
(211, 4, 96),
(211, 5, 85),
(211, 6, 100),
(213, 1, 70),
(213, 2, 32),
(213, 3, 58),
(213, 6, 51),
(214, 5, 63),
(215, 3, 10),
(215, 4, 41),
(215, 6, 72),
(216, 1, 66),
(216, 2, 64),
(216, 3, 55),
(216, 4, 41),
(217, 2, 76),
(217, 4, 40),
(217, 6, 56),
(218, 3, 16),
(218, 5, 26),
(219, 2, 99),
(219, 4, 92),
(219, 5, 31),
(220, 1, 54),
(220, 2, 91),
(220, 4, 4),
(220, 5, 23),
(220, 6, 61);

-- --------------------------------------------------------

--
-- Structure de la table `tarifer`
--

DROP TABLE IF EXISTS `tarifer`;
CREATE TABLE IF NOT EXISTS `tarifer` (
  `NUMOUVR` int(11) NOT NULL,
  `DATEDEB` date NOT NULL,
  `PRIXVENTE` double DEFAULT NULL,
  PRIMARY KEY (`NUMOUVR`,`DATEDEB`),
  KEY `FK_TARIFER_CATALOGUE` (`DATEDEB`)
) ENGINE=InnoDB DEFAULT CHARSET=latin1;

--
-- Déchargement des données de la table `tarifer`
--

INSERT INTO `tarifer` (`NUMOUVR`, `DATEDEB`, `PRIXVENTE`) VALUES
(1, '2002-10-01', 30.588),
(2, '2002-10-01', 18.513),
(4, '2002-10-01', 34.243),
(5, '2002-10-01', 23.716),
(6, '2002-10-01', 37.752),
(7, '2002-10-01', 15.125),
(8, '2002-10-01', 21.659),
(9, '2002-10-01', 80.828),
(10, '2002-10-01', 24.684),
(11, '2002-10-01', 47.674),
(12, '2002-10-01', 22.264),
(13, '2002-10-01', 20.57),
(14, '2002-10-01', 46.222),
(15, '2002-10-01', 27.1524),
(16, '2002-10-01', 31.581),
(17, '2002-10-01', 35.816),
(18, '2002-10-01', 20.57),
(19, '2002-10-01', 21.78),
(20, '2002-10-01', 15.004),
(21, '2002-10-01', 12.221),
(22, '2002-10-01', 12.342),
(23, '2002-10-01', 33.033),
(24, '2002-10-01', 30.25),
(25, '2002-10-01', 16.698),
(26, '2002-10-01', 45.375),
(27, '2002-10-01', 45.617),
(28, '2002-10-01', 34.364),
(29, '2002-10-01', 13.673),
(30, '2002-10-01', 24.684),
(31, '2002-10-01', 25.773),
(32, '2002-10-01', 15.73),
(33, '2002-10-01', 46.585),
(34, '2002-10-01', 20.449),
(35, '2002-10-01', 48.037),
(36, '2002-10-01', 18.392),
(37, '2002-10-01', 15.972),
(38, '2002-10-01', 17.182),
(39, '2002-10-01', 36.058),
(40, '2002-10-01', 17.908),
(41, '2002-10-01', 26.862),
(42, '2002-10-01', 33.033),
(43, '2002-10-01', 25.168),
(44, '2002-10-01', 16.577),
(45, '2002-10-01', 42.471),
(46, '2002-10-01', 33.154),
(47, '2002-10-01', 24.2),
(48, '2002-10-01', 34.606),
(49, '2002-10-01', 22.264),
(50, '2002-10-01', 34.969),
(51, '2002-10-01', 36.179),
(52, '2002-10-01', 23.474),
(53, '2002-10-01', 32.307),
(54, '2002-10-01', 25.289),
(55, '2002-10-01', 12.221),
(56, '2002-10-01', 36.421),
(57, '2002-10-01', 12.1),
(58, '2002-10-01', 29.524),
(59, '2002-10-01', 33.396),
(60, '2002-10-01', 46.464),
(61, '2002-10-01', 15.609),
(62, '2002-10-01', 21.296),
(63, '2002-10-01', 41.745),
(64, '2002-10-01', 45.012),
(65, '2002-10-01', 46.464),
(66, '2002-10-01', 22.385),
(67, '2002-10-01', 32.428),
(68, '2002-10-01', 23.111),
(69, '2002-10-01', 41.261),
(70, '2002-10-01', 41.745),
(71, '2002-10-01', 47.311),
(72, '2002-10-01', 30.492),
(73, '2002-10-01', 38.962),
(74, '2002-10-01', 24.805),
(75, '2002-10-01', 38.0666),
(76, '2002-10-01', 22.627),
(77, '2002-10-01', 15.004),
(78, '2002-10-01', 37.631),
(79, '2002-10-01', 31.097),
(80, '2002-10-01', 45.738),
(81, '2002-10-01', 19.723),
(82, '2002-10-01', 28.072),
(83, '2002-10-01', 43.681),
(84, '2002-10-01', 37.873),
(85, '2002-10-01', 37.631),
(86, '2002-10-01', 32.549),
(87, '2002-10-01', 19.602),
(88, '2002-10-01', 13.068),
(89, '2002-10-01', 40.535),
(90, '2002-10-01', 30.008),
(91, '2002-10-01', 42.834),
(92, '2002-10-01', 15.73),
(93, '2002-10-01', 33.154),
(94, '2002-10-01', 18.634),
(95, '2002-10-01', 26.015),
(96, '2002-10-01', 16.94),
(97, '2002-10-01', 45.012),
(98, '2002-10-01', 33.638),
(99, '2002-10-01', 32.186),
(100, '2002-10-01', 47.311),
(101, '2002-10-01', 26.015),
(102, '2002-10-01', 21.054),
(103, '2002-10-01', 30.613),
(104, '2002-10-01', 12.947),
(105, '2002-10-01', 14.399),
(106, '2002-10-01', 40.656),
(107, '2002-10-01', 32.549),
(108, '2002-10-01', 25.773),
(109, '2002-10-01', 43.56),
(110, '2002-10-01', 15.73),
(111, '2002-10-01', 21.175),
(112, '2002-10-01', 40.172),
(113, '2002-10-01', 46.343),
(114, '2002-10-01', 38.599),
(115, '2002-10-01', 14.762),
(116, '2002-10-01', 30.25),
(117, '2002-10-01', 43.439),
(118, '2002-10-01', 26.862),
(119, '2002-10-01', 30.25),
(120, '2002-10-01', 41.019),
(121, '2002-10-01', 18.634),
(122, '2002-10-01', 12.1),
(123, '2002-10-01', 26.862),
(124, '2002-10-01', 44.891),
(125, '2002-10-01', 39.688),
(126, '2002-10-01', 46.343),
(127, '2002-10-01', 22.385),
(128, '2002-10-01', 34.848),
(129, '2002-10-01', 28.314),
(130, '2002-10-01', 28.072),
(131, '2002-10-01', 26.983),
(132, '2002-10-01', 21.296),
(133, '2002-10-01', 21.296),
(134, '2002-10-01', 26.499),
(135, '2002-10-01', 17.061),
(136, '2002-10-01', 42.108),
(137, '2002-10-01', 30.8792),
(138, '2002-10-01', 39.446),
(139, '2002-10-01', 42.592),
(140, '2002-10-01', 16.214),
(141, '2002-10-01', 17.182),
(142, '2002-10-01', 26.3538),
(143, '2002-10-01', 42.955),
(144, '2002-10-01', 28.072),
(145, '2002-10-01', 40.535),
(146, '2002-10-01', 22.264),
(147, '2002-10-01', 32.065),
(148, '2002-10-01', 30.613),
(149, '2002-10-01', 23.595),
(150, '2002-10-01', 16.456),
(151, '2002-10-01', 38.72),
(152, '2002-10-01', 19.239),
(153, '2002-10-01', 35.816),
(154, '2002-10-01', 37.51),
(155, '2002-10-01', 28.677),
(156, '2002-10-01', 38.962),
(157, '2002-10-01', 18.634),
(158, '2002-10-01', 39.688),
(159, '2002-10-01', 31.097),
(160, '2002-10-01', 18.513),
(161, '2002-10-01', 12.705),
(162, '2002-10-01', 14.762),
(163, '2002-10-01', 21.296),
(164, '2002-10-01', 42.955),
(165, '2002-10-01', 42.834),
(166, '2002-10-01', 35.09),
(167, '2002-10-01', 46.222),
(168, '2002-10-01', 22.143),
(169, '2002-10-01', 36.058),
(170, '2002-10-01', 26.4869),
(171, '2002-10-01', 37.752),
(172, '2002-10-01', 18.15),
(173, '2002-10-01', 23.111),
(174, '2002-10-01', 23.474),
(175, '2002-10-01', 32.912),
(176, '2002-10-01', 18.755),
(177, '2002-10-01', 44.165),
(178, '2002-10-01', 47.432),
(179, '2002-10-01', 23.353),
(180, '2002-10-01', 28.798),
(181, '2002-10-01', 31.823),
(182, '2002-10-01', 40.535),
(183, '2002-10-01', 44.77),
(184, '2002-10-01', 26.741),
(185, '2002-10-01', 37.873),
(186, '2002-10-01', 45.375),
(187, '2002-10-01', 48.158),
(188, '2002-10-01', 14.883),
(189, '2002-10-01', 37.994),
(190, '2002-10-01', 26.862),
(191, '2002-10-01', 32.065),
(192, '2002-10-01', 29.645),
(193, '2002-10-01', 37.994),
(194, '2002-10-01', 46.101),
(195, '2002-10-01', 24.805),
(196, '2002-10-01', 27.104),
(197, '2002-10-01', 12.947),
(198, '2002-10-01', 18.513),
(199, '2002-10-01', 45.133),
(200, '2002-10-01', 29.161),
(201, '2002-10-01', 21.901),
(202, '2002-10-01', 13.068),
(203, '2002-10-01', 33.275),
(204, '2002-10-01', 13.431),
(205, '2002-10-01', 26.3538),
(206, '2002-10-01', 20.691),
(207, '2002-10-01', 22.385),
(208, '2002-10-01', 44.77),
(209, '2002-10-01', 33.759),
(210, '2002-10-01', 41.503),
(211, '2002-10-01', 20.57),
(212, '2002-10-01', 29.161),
(213, '2002-10-01', 45.617),
(214, '2002-10-01', 32.67),
(215, '2002-10-01', 17.424),
(216, '2002-10-01', 38.962),
(217, '2002-10-01', 26.136),
(218, '2002-10-01', 14.278),
(219, '2002-10-01', 31.702),
(220, '2002-10-01', 26.0876);

--
-- Contraintes pour les tables déchargées
--

--
-- Contraintes pour la table `ecrire`
--
ALTER TABLE `ecrire`
  ADD CONSTRAINT `FK_ECRIRE_ECRIVAIN` FOREIGN KEY (`NUMECR`) REFERENCES `ecrivain` (`NUMECR`) ON DELETE NO ACTION ON UPDATE NO ACTION,
  ADD CONSTRAINT `FK_ECRIRE_OUVRAGE` FOREIGN KEY (`NUMOUVR`) REFERENCES `ouvrage` (`NUMOUVR`) ON DELETE NO ACTION ON UPDATE NO ACTION;

--
-- Contraintes pour la table `ouvrage`
--
ALTER TABLE `ouvrage`
  ADD CONSTRAINT `FK_OUVRAGE_CLASSIFICATION` FOREIGN KEY (`NUMRUB`) REFERENCES `classification` (`NUMRUB`) ON DELETE NO ACTION ON UPDATE NO ACTION,
  ADD CONSTRAINT `FK_OUVRAGE_EDITEUR` FOREIGN KEY (`NOMED`) REFERENCES `editeur` (`NOMED`) ON DELETE NO ACTION ON UPDATE NO ACTION;

--
-- Contraintes pour la table `stocker`
--
ALTER TABLE `stocker`
  ADD CONSTRAINT `FK_STOCKER_DEPOT` FOREIGN KEY (`NUMDEP`) REFERENCES `depot` (`NUMDEP`) ON DELETE NO ACTION ON UPDATE NO ACTION,
  ADD CONSTRAINT `FK_STOCKER_OUVRAGE` FOREIGN KEY (`NUMOUVR`) REFERENCES `ouvrage` (`NUMOUVR`) ON DELETE NO ACTION ON UPDATE NO ACTION;

--
-- Contraintes pour la table `tarifer`
--
ALTER TABLE `tarifer`
  ADD CONSTRAINT `FK_TARIFER_CATALOGUE` FOREIGN KEY (`DATEDEB`) REFERENCES `catalogue` (`DATEDEB`) ON DELETE NO ACTION ON UPDATE NO ACTION,
  ADD CONSTRAINT `FK_TARIFER_OUVRAGE` FOREIGN KEY (`NUMOUVR`) REFERENCES `ouvrage` (`NUMOUVR`) ON DELETE NO ACTION ON UPDATE NO ACTION;
COMMIT;

/*!40101 SET CHARACTER_SET_CLIENT=@OLD_CHARACTER_SET_CLIENT */;
/*!40101 SET CHARACTER_SET_RESULTS=@OLD_CHARACTER_SET_RESULTS */;
/*!40101 SET COLLATION_CONNECTION=@OLD_COLLATION_CONNECTION */;
